{"age": [18.0, 87.0], "bmi": [13.7, 47.290000000000006], "children": [0.0, 5.0], "target": [1121.8739, 34489.350562499996]}